<?xml version="1.0" encoding="UTF-8"?>
<project-private xmlns="http://www.netbeans.org/ns/project-private/1">
    <editor-bookmarks xmlns="http://www.netbeans.org/ns/editor-bookmarks/2" lastBookmarkId="0"/>
    <open-files xmlns="http://www.netbeans.org/ns/projectui-open-files/2">
        <group>
            <file>file:/E:/vehicleTracker/src/gui/HomePage.java</file>
            <file>file:/E:/vehicleTracker/src/gui/Vehicle.java</file>
            <file>file:/E:/vehicleTracker/src/db/DbConnect.java</file>
            <file>file:/E:/vehicleTracker/src/gui/driver.java</file>
            <file>file:/E:/vehicleTracker/src/gui/VehicleCategory.java</file>
            <file>file:/E:/vehicleTracker/src/gui/Login.java</file>
        </group>
    </open-files>
</project-private>
